Code,"City, Airport",CountryAAR,Aarhus,DenmarkABD,Abadan,IranAEH,Abeche,ChadABZ,Aberdeen,United KingdomABR,"Aberdeen, SD",USAABJ,Abidjan,Ivory CoastABI,"Abilene, TX",USAAUH,Abu Dhabi,UAEABV,Abuja International,NigeriaAUE,Abu Rudeis,EgyptABS,Abu Simbel,EgyptACA,Acapulco,MexicoACC,Accra,GhanaADA,Adana,TurkeyADD,Addis Ababa,EthiopiaADL,Adelaide,AustraliaADE,Aden,YemenAER,Adler/Sochi,RussiaAJY,Agades,NigerAGA,Agadir,MoroccoSUM,Agana,GuamAGZ,Aggeneys,South AfricaBQN,Aguadilla,Puerto RicoAGU,Aguascaliente,MexicoAMD,Ahmedabad,IndiaAJA,Ajaccio,FranceAXT,Akita,JapanCAK,"Akron, OH",USAAKT,Akrotiri - RAF,CyprusADX,Aktyubinsk,KazakhstanAAN,Al Ain,United Arab EmiratesAAC,Al Arish,EgyptAAC,Al Arish,EgyptALH,Albany,AustraliaABY,"Albany, GA",USAALB,"Albany, NY",USALBI,Albi,FranceAAL,Alborg,DenmarkABQ,"Albuquerque, NM",USAABX,Albury,AustraliaAES,Alesund,NorwayALJ,Alexander Bay,South AfricaALY,"Alexandria, El Nhouza Airport",EgyptESF,"Alexandria, La",USAFJR,Alfujairah (Fujairah),UAEAHO,Alghero Sassari,ItalyALG,Algiers,AlgeriaAHU,Al Hoceima,MoroccoALC,Alicante,SpainASP,Alice Springs,AustraliaADY,Alldays,South AfricaABE,"Allentown, PA",USAALA,Alma Ata,KazakhstanLEI,Almeria,SpainALP,Aleppo,SyriaALF,Alta,NorwayACH,Altenrhein,SwitzerlandAOO,"Altoona, PA",USAASJ,Amami,JapanAMA,"Amarillo, TX",USAAMM,"Amman, Queen Alia Intl",JordanADJ,"Amman, Civil - Marka Airport",JordanATQ,Amritsar,IndiaAMS,"Amsterdam, Schiphol",NetherlandsQNB,Anand,IndiaANC,"Anchorage, AK",USAAOI,Ancona,ItalyALV,Andorra La Vella H/P,AndorraAXA,Anguilla,AnguillaAJN,Anjouan,Comoros (Comores)ANK,Ankara,TurkeyAAE,Annaba,AlgeriaARB,"Ann Arbor, MI",USANCY,Annecy,FranceANB,"Anniston, AL",USAAYT,Antalya,TurkeyTNR,Antananarivo (Tanannarive),MadagascarANU,Antigua,AntiguaANR,Antwerp,BelgiumAOJ,Aomori,JapanAPW,Apia,SamoaATW,"Appelton/Neenah/Menasha, WI",USAAQJ,Aqaba,JordanAJU,Aracaju,BrazilARH,Arkhangelsk,Russian FederationARK,Arusha,TanzaniaGPA,Araxos,GreeceRLT,Arlit,NigerAXS,Armenia,ColombiaACE,Arrecife/Lanzarote,SpainAUA,Aruba,ArubaAVL,"Asheville, NC",USAASB,"Ashgabat, Ashkhabat",TurkmenistanASE,"Aspen Snowmass, CO",USAATZ,Assiut,EgyptTSE,Astana,KazakstanASU,Asuncion,ParaguayASW,"Aswan, Daraw Airport",EgyptATH,Athens,GreeceHEW,"Athens, Hellinikon Airport",GreeceAHN,"Athens, GA",USAATO,"Athens, OH",USAATL,"Atlanta, Hartsfield Atlanta Int'l Airport",USAACY,"Atlantic City, NJ",USAYAT,"Attawapiskat, NT",CanadaAKL,Auckland,New ZealandAGB,Augsburg,GermanyAGS,"Augusta, GA",USAAUG,"Augusta, ME",USAAUR,Aurillac,FranceAUS,"Austin, TX",USAAYQ,Ayers Rock,AustraliaAYR,Ayr,AustraliaBJZ,Badajoz,SpainBGW,"Bagdad, Al Muthana",IraqSDA,"Bagdad, Saddam International",IraqIXB,Bagdogra,IndiaBHV,Bahawalpur,PakistanBAH,Bahrain,BahrainBFL,"Bakersfield, CA",USABAK,Baku,AzerbaijanBNK,Ballina,AustraliaBWI,Baltimore Washington Int'l Airport; MD,USAABM,Bamaga,AustraliaBKO,Bamako,MaliBBY,Bambari,Central African RepublicBWN,Bandar Seri Begawan,BruneiBLR,Bangalore,IndiaBGU,Bangassou,Central African RepublicBKK,Bangkok,ThailandBGR,"Bangor, ME",USABGF,Bangui,Central African RepublicBJL,Banjul,GambiaBNP,Bannu,PakistanBCN,Barcelona,SpainBLA,Barcelona,VenezuelaBDU,Bardufoss,NorwayBRI,Bari,ItalyBZL,Barisal,BangladeshBDQ,Baronda,IndiaBAQ,Barranquilla,ColombiaBSL,Basel,SwitzerlandEAP,Basel/Mulhouse,Switzerland/FranceBSR,"Basra, Basrah",IraqBIA,Bastia,FranceBTR,"Baton Rouge, La",USABYU,Bayreuth,GermanyBPT,"Beaumont/Pt. Arthur, TX",USABKW,"Beckley, WV",USAEIS,Beef Island,"Virgin Islands, British"PEK,Beijing,ChinaNAY,Beijing - Nanyuan Airport,ChinaBEW,Beira,MozambiqueBEY,Beirut,LebanonBEL,Belem,BrazilBHD,Belfast - Harbour,United KingdomBFS,Belfast International,United KingdomIXG,Belgaum,IndiaBEG,Belgrad (Beograd),YugoslaviaBZE,Belize City,BelizeBLI,"Bellingham, WA",USACNF,Belo Horizonte,BrazilBJI,"Bemidji, MN",USABEN,Bengasi,LibyaBUG,Bengueka,AngolaBEH,"Benton Harbour, MI",USABBT,Berberati,Central African RepublicBGY,Bergamo,ItalyBGO,Bergen,NorwayBER,Berlin,GermanySXF,"Berlin, Schoenefeld",GermanyTXL,"Berlin, Tegel",GermanyTHF,"Berlin, Tempelhof",GermanyBDA,Bermuda,BermudaBRN,Bern,SwitzerlandZDJ,Bern,SwitzerlandBET,"Bethel, AK",USABHO,Bhopal,IndiaBBI,Bhubaneswar,IndiaBIQ,Biarritz,FranceBIO,Bilbao,SpainBIL,"Billings, MT",USABLL,Billund,DenmarkBTU,Bintulu,MalaysiaIRO,Biraro,Central African RepublicBHX,Birmingham,United KingdomBHM,"Birmingham, AL",USABIS,"Bismarck/Mandan, ND",USABXO,Bissau,Guinea BissauBLT,Blackwater,AustraliaBLZ,Blantyre,MalawiBHE,Blenheim,New ZealandBFN,Bloemfontein,South AfricaBMI,"Bloomington, IL",USABMG,"Bloomington, IN",USABLF,"Bluefield, WV",USABVB,Boa Vista,BrazilBOY,Bobo/Dioulasso,Burkina FasoBOO,Bodo,NorwayBOG,Bogota,ColombiaBOI,"Boise, ID",USABLQ,Bologna,ItalyBOM,Bombay,IndiaBON,Bonaire,Netherlands AntillesYVB,"Bonaventure, PQ",CanadaBOB,Bora Bora,French PolynesiaBOD,Bordeaux,FranceHBH,Borg El Arab Airport,EgyptBXS,"Borrego Springs, CA",USABOS,"Boston - Logan, MA",USABYK,Bouake,Ivory CoastBOJ,Bourgas/Burgas,BulgariaZBO,Bowen,AustraliaBZN,"Bozeman, MT",USABFD,"Bradford/Warren, PA/Olean, NY",USABRD,"Brainerd, MN",USABMP,Brampton Island,AustraliaBSB,Brasilia,BrazilBTS,Bratislava,SlovakiaBZV,Brazzaville,CongoBRE,Bremen,GermanyVBS,"Brescia, Montichiari",ItalyBES,Brest,FranceBIV,Bria,Central African RepublicBDR,"Bridgeport, CT",USABGI,"Bridgetown, Grantley Adams Int'l",BarbadosBDS,Brindisi,ItalyBNE,Brisbane,AustraliaBRS,Bristol,United KingdomBNN,Broennoeysund,NorwayBHQ,Broken Hill,AustraliaBKX,"Brookings, SD",USABME,Broome,AustraliaBQK,"Brunswick, GA",USABRU,Brussels,BelgiumBGA,Bucaramanga,ColombiaBUD,"Budapest, Ferihegy",HungaryBUE,Buenos Aires,ArgentinaEZE,"Buenos Aires, Ezeiza Int'l Airport",ArgentinaAEP,"Buenos Aires, Jorge Newbery",ArgentinaBFO,Buffalo Range,ZimbabweBUF,"Buffalo/Niagara Falls, NY",USABJM,Bujumbura,BurundiBUH,Bucharest,RomaniaOTP,"Bucharest, Otopeni",RomaniaBUQ,Bulawayo,ZimbabweBHC,"Bullhead City, NV",USABDB,Bundaberg,AustraliaBUR,"Burbank, CA",USABRL,"Burlington, IA",USABTV,"Burlington, VT",USABWT,Burnie (Wynyard),AustraliaBTM,"Butte, MT",USACAB,Cabinda,AngolaCAG,Cagliari,ItalyCNS,Cairns,AustraliaCAI,Cairo Int'l,EgyptCCU,Calcutta (Kolkata) - Netaji Subhas Chandra,IndiaKMQ,Komatsu,JapanYYC,Calgary/Banff,CanadaCLO,Cali,ColombiaCCJ,Calicut,IndiaCLY,Calvi,FranceYCB,Cambridge Bay,CanadaCBG,Cambrigde,United KingdomCGR,Campo Grande,BrazilCBR,Canberra,AustraliaCUN,Cancun,MexicoCPT,Cape Town,South AfricaCCS,Caracas,VenezuelaCWL,Cardiff,United KingdomCLD,"Carlsbad, CA",USACVQ,Carnarvon,AustraliaCRF,Carnot,Central African RepublicLRM,Casa de Campo/La Romana,Dominican RepublicCAS,Casablanca,MoroccoCMN,"Casablanca, Mohamed V",MoroccoCSI,Casino,AustraliaCPR,"Casper, WY",USACTG,Catagena,ColombiaCTA,Catania,ItalyCAY,Cayenne,French GuayanaCBU,Cebu,PhilippinesCDC,"Cedar City, UT",USACID,"Cedar Rapids, IA",USACED,Ceduna,AustraliaCES,Cessnock,AustraliaKHV,Chabarovsk (Khabarovsk),RussiaCMF,Chambery,FranceCMI,"Champaign, IL",USAIXC,Chandigarh,IndiaCGQ,Changchun,"Jilin, China"CHQ,Chania,GreeceCHS,"Charleston, SC",USACRW,"Charleston, WV",USACLT,"Charlotte, NC",USACHO,"Charlottesville, VA",USACXT,Charters Towers,AustraliaCHA,"Chattanooga, TN",USACTU,Chengdu,"Sichuan, China"MAA,Chennai (Madras),IndiaCYS,"Cheyenne, WY",USACNX,Chiang Mai,ThailandQCB,Chiba City,JapanMDW,"Chicago, Midway, IL",USAORD,"Chicago O'Hare Int'l Airport, IL",USACHI,"Chicago, IL",USACZA,Chichen Itza,MexicoCIC,"Chico, CA",USACUU,"Chihuahua, Gen Fierro Villalobos",MexicoJKH,Chios,GreeceCIP,Chipata,ZambiaHTA,Chita (Tschita),RussiaCTS,Chitose,JapanCJL,Chitral,PakistanCGP,Chittagong,BangladeshCKG,Chongqing,"Sichuan, China"CHC,Christchurch,New ZealandCXI,Christmas Line,IcelandCCZ,Chub Cay,BahamasYYQ,Churchill,CanadaCFG,Cienfuegos,CanadaCVG,"Cincinnati, OH",USACME,Ciudad Del Carmen,MexicoCJS,Ciudad Juarez,MexicoCEN,Ciudad Obregon,MexicoCVM,Ciudad Victoria,MexicoCKB,"Clarksburg, WV",USACMQ,Clermont,AustraliaCFE,Clermont Ferrand,FranceBKL,"Cleveland, Burke Lakefront, OH",USACLE,"Cleveland, Hopkins, OH",USACBB,Cochabamba,BoliviaCOK,Cochin,IndiaCOD,"Cody/Powell/Yellowstone, WY",USAKCC,"Coffmann Cove, AK",USACFS,Coffs Harbour,AustraliaCJB,Coimbatore,IndiaCLQ,Colima,MexicoCLL,"College Station/Bryan, TX",USAKCE,Collinsville,AustraliaCGN,Cologne (Koeln)/Bonn,GermanyCMB,Colombo,Sri LankaCOS,"Colorado Springs, CO",USACAE,"Columbia, SC",USACSG,"Columbus, GA",USACMH,"Columbus, OH",USACKY,Conakry,GuineaCCR,"Concord, CA",USACZL,Constantine,AlgeriaCND,Constanza,RomaniaCPD,Coober Pedy,AustraliaCTN,Cooktown,AustraliaOOM,Cooma,AustraliaCPH,Copenhagen,DenmarkCOR,Cordoba,ArgentinaODB,Cordoba,SpainCDV,"Cordova, AK",USACFU,Corfu,GreeceORK,Cork,IrelandCRP,"Corpus Christi, TX",USACOO,Cotonou,BeninCZM,Cozmel,MexicoCGA,"Craig, AK",USACEC,"Crescent City, CA",USACGB,Cuiaba,BrazilCUL,Culiacan,MexicoCUR,Curacao,Netherlands AntillesCWB,Curitiba,BrazilDKR,Dakar,SenegalDLM,Dalaman,TurkeyDBY,Dalby,AustraliaDLC,Dalian,"Liaoning, China"DAL,"Dallas, Love Field, TX",USADFW,"Dallas/Ft. Worth, TX",USADJO,Daloa,Ivory CoastDAM,"Damascus, International",SyriaDMM,"Dammam, King Fahad Int'l",Saudi ArabienDAN,"Danville, VA",USADAR,Dar es Salam (Daressalam),TanzaniaDRW,Darwin,AustraliaDDI,Daydream Island,AustraliaDAY,"Dayton, OH",USADAB,"Daytona Beach, FL",USADEC,"Decatur, IL",USAYDF,Deer Lake/Corner Brook,CanadaDEL,"Delhi, Indira Gandhi",IndiaHAG,Den Haag (The Hague),NetherlandsDPS,Denpasar/Bali,IndonesiaDEN,"Denver International Airport, CO",USADSK,Dera Ismail Khan,PakistanDRB,Derby,AustraliaEMA,Derby (East Midlands),United KingdomLDY,Derry (Londonderry),United KingdomDSM,"Des Moines, IA",USADET,"Detroit City, MI",USADTW,"Detroit Metropolitan Wayne County Airport, MI",USADTT,"Detroit Metropolitan Area, MI",USADVL,"Devils Lake, ND",USADPO,Devonport,AustraliaDHA,Dhahran,Saudi ArabiaDAC,Dhaka,BangladeshDLG,"Dillingham, AK",USADNR,Dinard,FranceDJE,Djerba,TunisiaJIB,Djibouti,DjiboutiDOH,Doha,QatarDCS,"Doncaster, Robin Hood Int'l Airport",UKDGM,Dongguan,"Guangdong, China"DTM,Dortmund,GermanyDHN,"Dothan, AL",USADLA,Douala,CameroonDRS,Dresden,GermanyDXB,Dubai,UAEDBO,Dubbo,AustraliaDUB,Dublin,IrelandDUJ,"Dubois, PA",USADBV,Dubrovnik,Croatia (Hrvatska)DBQ,"Dubuque, IA",USADUS,Duesseldorf,GermanyDLH,"Duluth, MN/Superior, WI",USADUD,Dunedin,New ZealandDKI,Dunk Iceland,AustraliaDRO,"Durango, CO",USADUR,Durban,South AfricaDYU,Dushanbe (Duschanbe),TadschikistanDUT,"Dutch Harbor, AK",USADYA,Dysart,AustraliaDZA,Dzaoudzi,MayotteELS,East London,South AfricaIPC,Easter Island,ChileEAU,"Eau Clarie, WI",USAEDI,Edinburgh,United KingdomYEA,Edmonton,CanadaYEG,"Edmonton, International",CanadaYXD,"Edmonton, Municipal",CanadaEGS,Egilsstadir,IcelandEIN,Eindhoven,NetherlandsELP,"El Paso, TX",USAETH,Elat,IsraelVDA,"Elat, Ovula",IsraelEKI,"Elkhart, IN",USAEKO,"Elko, NV",USAELL,Ellisras,South AfricaEMY,El Minya,EgyptELM,"Elmira, NY",USAELY,"Ely, NV",USAEDR,Emerald,AustraliaEMD,Emerald,AustraliaENF,Enontekioe,FinlandEBB,Entebbe,UgandaERF,Erfurt,GermanyERI,"Erie, PA",USAEVN,"Eriwan (Yerevan, Jerevan)",ArmeniaEBJ,Esbjerg,DenmarkESC,"Escabana, MI",USAEPR,Esperance,AustraliaEUG,"Eugene, OR",USAACV,"Eureka, CA",USAEVV,"Evansville, IN",USAEVE,Evenes,NorwayFAI,"Fairbanks, AK",USALYP,Faisalabad,PakistanFAR,"Fargo, ND, MN",USAFMN,"Farmington, NM",USAFAO,Faro,PortugalFAE,Faroer,DenmarkFYV,"Fayetteville, AR",USAFAY,"Fayetteville/Ft. Bragg, NC",USAFEZ,Fes,MoroccoFSC,Figari,FranceFLG,"Flagstaff, AZ",USAYFO,Flin Flon,CanadaFNT,"Flint, MI",USAFLR,Florence,ItalyFLO,"Florence, SC",USAFLN,Florianopolis,BrazilFRO,Floro,NorwayYFA,Fort Albert,CanadaFDF,Fort de France,MartiniqueFOD,"Fort Dodge, IA",USAFHU,"Fort Huachuca/Sierra Vista, AZ",USAFLL,"Fort Lauderdale/Hollywood, FL",USAYMM,Fort McMurray,CanadaFMY,"Fort Myers, Metropolitan Area, FL",USARSW,"Fort Myers, Southwest Florida Reg, FL",USAYSM,Fort Smith,CanadaFSM,"Fort Smith, AR",USAYXJ,Fort St. John,CanadaVPS,"Fort Walton Beach, FL",USAFWA,"Fort Wayne, IN",USAFOR,Fortaleza,BrazilFRW,Francistown,BotswanaFRA,Frankfurt/Main Int'l Airport,GermanyHNN,Frankfurt/Hahn,GermanyFKL,"Franklin/Oil City, PA",USAYFC,Fredericton,CanadaFPO,Freeport,BahamasFNA,Freetown,Sierra LeoneFRJ,Frejus,FranceFAT,"Fresno, CA",USAFDH,Friedrichshafen,GermanyFUE,Fuerteventura,SpainFJR,"Fujairah, Int'l Airport",United Arab EmiratesFUK,Fukuoka,JapanFKS,"Fukushima-shi, Fukushima Airport",JapanFNC,Funchal,PortugalFUT,Futuna,Wallis and Futuna IslandsGBE,Gaborone,BotswanaGAD,"Gadsden, AL",USAGNV,"Gainesville, FL",USAGWY,Galway,IrelandYQX,Gander,CanadaGOU,Garoua,CameroonGDN,Gdansk,PolandGEX,Geelong,AustraliaGVA,Geneva,SwitzerlandGOA,Genoa,ItalyGRJ,George,South AfricaGEO,Georgetown,GuyanaGET,Geraldton,AustraliaGRO,Gerona,SpainGIB,Gibraltar,GibraltarGCC,"Gilette, WY",USAGIL,Gilgit,PakistanYGX,Gillam,CanadaGLT,Gladstone,AustraliaPIK,"Glasgow, Prestwick",United KingdomGLA,Glasgow,United KingdomGGW,"Glasgow, MT",USAGDV,"Glendive, MT",USAGOI,Goa,IndiaGYN,Goiania,BrazilOOL,Gold Coast,AustraliaGOO,Goondiwindi,AustraliaYYR,Goose Bay,CanadaGOZ,Gorna,BulgariaGOT,Goteborg,SwedenGOV,Gove (Nhulunbuy),AustraliaGHB,Govenors Harbour,BahamasGRX,Granada,SpainGBI,Grand Bahama,BahamasGCN,"Grand Canyon, AZ",USAGCM,Grand Cayman,Cayman IslandsGFK,"Grand Forks, ND",USAGJT,"Grand Junction, CO",USAGRR,"Grand Rapids, MI",USAGPZ,"Grand Rapids, MN",USAGRZ,Graz,AustriaGTF,"Great Falls, MT",USAGKL,Great Keppel Island,AustraliaGRB,"Green Bay, WI",USALWB,"Greenbrier/Lewisburg, WV",USAGSO,"Greensboro/Winston Salem, NC",USAGLH,"Greenville, MS",USAPGV,"Greenville, NC",USAGSP,"Greenville/Spartanburg, SC",USAGND,Grenada,GrenadaGNB,Grenoble,FranceGFF,Griffith,AustraliaGTE,Groote Eyeland,AustraliaGTI,Groote Eylandt,AustraliaGON,"Groton/New London, CT",USAGDL,Guadalajara,MexicoGSI,Guadalcanal,Solomon IslandsGUM,Guam,GuamCAN,Guangzhou (Canton) - Baiyun (White Cloud),"Guangdong, China"GRU,Guarulhos Int'l - Sao Paulo,BrazilGUA,Guatemala City,GuatemalaGYE,Guayaquil,EcuadorGCI,Guernsey,United KingdomGPT,"Gulfport/Biloxi, MS",USAULU,Gulu,UgandaGUC,"Gunnison/Crested Butte, CO",USAGAU,Guwahati,IndiaGWD,Gwadar,PakistanGWE,Gweru,ZimbabweGYP,Gympie,AustraliaHAC,Hachijo Jima,JapanHFA,Haifa,IsraelHNS,"Haines, AK",USAHKD,Hakodate,JapanYHZ,Halifax Int'l,CanadaYUX,Hall Beach,CanadaHAM,Hamburg - Fuhlsbuettel,GermanyHLT,Hamilton,AustraliaYHM,Hamilton,CanadaHTI,Hamilton Island,AustraliaHFT,Hammerfest,NorwayCMX,"Hancock, MI",USAHGH,Hangchow (Hangzhou),"Zhejiang, China"HAJ,Hannover,GermanyHAN,Hanoi - Noibai,Viet NamHRE,Harare,ZimbabweHRB,Harbin (Haerbin),"Heilongjiang, China"HRL,"Harlington/South Padre Island, TX",USAYHR,"Harrington Harbour, PQ",CanadaHAR,"Harrisburg, PA - Harrisburg Skyport",USAMDT,"Harrisburg, PA - Harrisburg Int'l",USABDL,"Hartford, CT/Springfield, MA",USAHDY,Hatyai (Hat Yai),ThailandHAU,Haugesund,NorwayHAV,Havana - José Martí Int'l,CubaHVR,"Havre, MT",USAHIS,Hayman Island,AustraliaHLN,"Helena, MT",USAJHE,Helsingborg,SwedenHEL,Helsinki - Vantaa,FinlandHER,Heraklion,GreeceHMO,Hermosillo - Gen. Pesqueira Garcia,MexicoHVB,Hervey Bay,AustraliaHIB,"Hibbing, MN",USAHKY,"Hickory, NC",USAITO,"Hilo, HI",USAHHH,"Hilton Head Island, SC",USAHNK,Hinchinbrook Island,AustraliaHIJ,Hiroshima International,JapanSGN,Ho Chi Minh City (Saigon),Viet NamHBA,Hobart,AustraliaHOQ,Hof,GermanyHOG,Holguin,CubaHMH,Home Hill,AustraliaHOM,"Homer, AK",USAHKG,Hong Kong - Int'l Airport (HKIA),Hong KongZJK,Hong Kong - Chek Lap Kok,Hong KongHIR,Honiara Henderson Int'l,Solomon IslandsHNL,"Honolulu, HI",USAHNH,"Hoonah, AK",USAHOR,Horta,PortugalHOU,"Houston, Hobby, TX",USAIAH,"Houston, Intercontinental, TX",USAHUH,Huahine,French PolynesiaHUX,Huatulco,MexicoHUI,Hue - Phu Bai,Viet NamHUY,Humberside,United KingdomHTS,"Huntington, OH",USAHSV,"Huntsville, AL",USAHRG,Hurghada Int'l,EgyptHON,"Huron, SD",USAHWN,Hwange National Park,ZimbabweHYA,"Hyannis, MA",USAHYG,"Hydaburg, AK",USAHYD,Hyderabad - Begumpet,IndiaHDD,Hyderabad,PakistanIBZ,Ibiza,Ibiza/SpainIDA,"Idaho Falls, ID",USAIGR,"Iguazu, Cataratas",ArgentinaILP,Ile des Pins,New CaledoniaIOU,Ile Ouen,New CaledoniaILI,"Iliamna, AK",USAIPL,"Imperial, CA",USAIVC,Incercargill,New ZealandICN,"Incheon, Incheon Int'l Airport",Korea SouthIND,"Indianapolis, IN",USAIGH,Ingham,AustraliaIFL,Innisfail,AustraliaINN,Innsbruck - Kranebitten,AustriaINL,"International Falls, MN",USAYEV,Inuvik,CanadaIVC,Invercargill,New ZealandINV,Inverness,United KingdomIYK,"Inykern, CA",USAYFB,Iqaluit (Frobisher Bay),CanadaIQT,Iquitos,PeruIKT,Irkutsk,RussiaLSG,Ishigaki,JapanISB,Islamabad - Islamabad Int'l,PakistanIOM,Isle of Man,United KingdomIST,Istanbul - Ataturk,TurkeyITH,"Ithaca/Cortland, NY",USAIVL,Ivalo,FinlandZIH,Ixtapa/Zihuatenejo,MexicoIZM,Izmir,TurkeyJAC,"Jackson Hole, WY",USAJXN,"Jackson, MI",USAJAN,"Jackson, MS",USAMKL,"Jackson, TN",USAJAX,"Jacksonville, FL",USAOAJ,"Jacksonville, NC",USAJAG,Jacobabad,PakistanJAI,Jaipur - Sanganeer,IndiaHLP,Jakarta - Halim Perdanakusma,IndonesiaJKT,Jakarta - Kemayoran,IndonesiaCGK,Jakarta - Soekarno-Hatta,IndonesiaJLR,Jalandhar,IndiaJMS,"Jamestown, ND",USAJHW,"Jamestown, NY",USAIXW,Jamshedpur - Sonari,IndiaJED,Jeddah - King Abdulaziz Int'l,Saudi ArabiaXRY,Jerez de la Frontera/Cadiz,SpainJER,Jersey,United KingdomJRS,Jerusalem,IsraelTNA,Jinan,"Shandong, China"JIW,Jiwani,PakistanJCB,Joacaba,BrazilJPA,Joao Pessoa - Castro Pinto,BrazilJKG,Joenkoeping,SwedenJOE,Joensuu,FinlandJNB,Johannesburg - Johannesburg Int'l,South AfricaJST,"Johnstown, PA",USAJHB,Johore Bahru,MalaysiaJLN,"Joplin, MO",USAGJN,Jounieh,LebanonJNU,"Juneau, AK - Juneau Int'l",USAJYV,Jyvaeskylae,FinlandKBL,Kabul - Khwaja Rawash,AfghanistanKOJ,Kagoshima,JapanOGG,"Kahului, HI",USAKAJ,Kajaani,FinlandKLX,Kalamata,GreeceAZO,"Kalamazoo/Battle Creek, MI",USAKGI,Kalgoorlie,AustraliaFCA,"Kalispell, MT",USAKLR,Kalmar,SwedenKAN,Kano,NigeriaMUE,"Kamuela, HI",USAQJU,Kanpur,IndiaMCI,"Kansas City, MO - Int'l",USAKHH,Kaohsiung Int'l,TaiwanJHM,"Kapalua West, HI",USAKHI,Karachi - Quaid-E-Azam Int'l,PakistanFKB,Karlsruhe-Baden - Soellingen,GermanyKSD,Karlstad,SwedenAOK,Karpathos,GreeceKTA,Karratha,AustraliaKRB,Karumba,AustraliaKRP,Karup,DenmarkZKE,"Kaschechawan, PQ",CanadaKSL,Kassala,SudanKTR,Katherine,AustraliaKTM,Kathmandu - Tribhuvan,NepalMPA,Katima Mulilo/Mpacha,NamibiaKHJ,Kauhajoki,FinlandMKK,"Kaunakakai, HI",USAKVA,Kavalla,GreeceKZN,Kazan (Ka San),RussiaKMP,Keetmanshoop,NamibiaYLW,"Kelowna, BC",CanadaKEM,Kemi/Tornio,FinlandZNS,Kempten,GermanyENA,"Kenai, AK",USAKIR,Kerry County,IrelandKTN,"Ketchikan, AK",USAEYW,"Key West, FL",USAAHB,Khamis Mushayat,Saudi ArabiaUVL,Kharga - New Valley,EgyptKRT,Khartoum,SudanKDD,Khuzdar,PakistanKEL,Kiel - Holtenau,GermanyKBP,Kiev - Borispol,UkraineIEV,Kiev - Zhulhany,UkraineKGL,Kigali - Gregoire Kayibanda,RwandaJRO,Kilimadjaro,TanzaniaILE,"Killeem, TX",USAKIM,Kimberley,South AfricaKNS,King Island,King IslandAKN,"King Salomon, AK",USAKGC,Kingscote,AustraliaKIN,Kingston - Norman Manley,JamaicaISO,"Kingston, NC",USAFIH,Kinshasa - N'Djili,Congo (Zaire)KKN,Kirkenes,NorwayKIK,Kirkuk,IraqKRN,Kiruna,SwedenFKI,Kisangani,ZaireKTT,Kittilä,FinlandKIW,Kitwe,ZambiaKLU,Klagenfurt,AustriaLMT,"Klamath Fall, OR",USAKLW,"Klawock, AK",USAKLZ,Kleinsee,South AfricaNOC,Knock,IrelandTYS,"Knoxville, TN",USAUKB,Kobe,JapanKCZ,Kochi,JapanCGN,"Köln, Köln/Bonn",GermanyADQ,"Kodiak, AK",USAOHT,Kohat,PakistanKOK,Kokkola/Pietarsaari,FinlandCCU,Kolkata (Calcutta) - Netaji Subhas Chandra,IndiaKOA,"Kona, HI",USAHGO,Korhogo,Ivory CoastKGS,Kos,GreeceBKI,Kota Kinabalu,MalaysiaOTZ,"Kotzbue, AK",USAKWM,Kowanyama,AustraliaKRK,Krakau,PolandKRS,Kristiansand,NorwayKID,Kristianstad,SwedenKSU,Kristiansund,NorwayKUB,Kuala Belait,BruneiKUL,Kuala Lumpur - Int'l Airport,MalaysiaSZB,Kuala Lumpur - Sultan Abdul Aziz Shah,MalaysiaKUA,Kuantan,MalaysiaKCH,Kuching,MalaysiaKMJ,Kumamoto,JapanKNX,Kununurra,AustraliaKUO,Kuopio,FinlandKUH,Kushiro,JapanYVP,Kuujjuaq (FortChimo),CanadaYGW,Kuujjuarapik,CanadaKAO,Kuusamo,FinlandKWI,Kuwait - Kuwait Int'l,KuwaitUKY,Kyoto,JapanLEK,Labe,GuineaWLB,"Labouchere Bay, AK",USALBU,Labuan,MalaysiaXLB,"Lac Brochet, MB",CanadaLCG,La Coruna,SpainLSE,"La Crosse, WI",USALAE,Lae,Papua New GuineaLRH,La Rochelle,FranceLAF,"Lafayette, IN",USALFT,"Lafayette, La",USALOS,Lagos - Murtala Muhammed,NigeriaYGL,La Grande,CanadaLHE,Lahore,PakistanLCH,"Lake Charles, La",USAHII,"Lake Havasu City, AZ",USATVL,"Lake Tahoe, CA",USALKL,Lakselv,NorwayLBQ,Lambarene,GabonSUF,Lamezia Terme,ItalyLMP,Lampedusa,ItalyLNY,"Lanai City, HI",USALNS,"Lancaster, PA",USALGK,Langkawi,MalaysiaLAI,Lannion,FranceHLA,Lanseria,South AfricaLAN,"Lansing, MI",USALPB,La Paz - El Alto,BoliviaLAP,La Paz - Leon,MexicoLPP,Lappeenranta,FinlandLAR,"Laramie, WY",USALRD,"Laredo, TX",USALCA,Larnaca,CyprusLPA,Las Palmas,SpainLAS,"Las Vegas, NV",USALBE,"Latrobe, PA",USALST,Launceston,AustraliaPIB,"Laurel/Hattisburg, MS",USALVO,Laverton,AustraliaLAW,"Lawton, OK",USALZC,Lazaro Cardenas,MexicoYLR,Leaf Rapids,CanadaLEA,Learmouth (Exmouth),AustraliaLEB,"Lebanon, NH",USALBA,Leeds/Bradford,United KingdomLER,Leinster,AustraliaLEJ,Leipzig,GermanyLEY,Lelystad,NetherlandsBJX,Leon,MexicoLNO,Leonora,AustraliaLWS,"Lewiston, ID",USALWT,"Lewistown, MT",USALEX,"Lexington, KY",USALBV,Libreville,GabonLDK,Lidkoeping,SwedenLGG,Liege,BelgiumLIF,Lifou,"Loyaute, Pazifik"LIH,"Lihue, HI",USALIL,Lille,FranceLLW,Lilongwe - Lilongwe International,MalawiLIM,Lima - J Chavez Int'l,PeruQLI,Limassol,CyprusLIG,Limoges,FranceLNK,"Lincoln, NE",USALDC,Lindeman Island,AustraliaLNZ,Linz - Hoersching,AustriaLIQ,Lisala,"Congo, Democratic Republic of The"LIS,Lisbon - Lisboa,PortugalLSY,Lismore,AustraliaLIT,"Little Rock, AR",USALPL,Liverpool,United KingdomLZR,Lizard Island,AustraliaLJU,Ljubljana - Brnik,SloveniaIRG,Lockhart River,AustraliaLFW,Lome,TogoYXU,London,CanadaLON,London,United KingdomLCY,London - City Airport,United KingdomLGW,London - Gatwick,United KingdomLHR,London - Heathrow,United KingdomLTN,London - Luton,United KingdomSTN,London - Stansted,United KingdomLGB,"Long Beach, CA",USALIJ,"Long Island, AK",USAISP,"Long Island, Islip, NY - Mac Arthur",USALRE,Longreach,AustraliaGGG,"Longview/Kilgore, TX",USALYR,Longyearbyen - Svalbard,Svalbard/NorwayLTO,Loreto,MexicoLRT,Lorient,FranceLAX,"Los Angeles, CA - Int'l",USASJD,Los Cabos,MexicoLMM,Los Mochis,MexicoTFN,Los Rodeos,Teneriffa/SpainLSZ,(Mali) Losinj - Losinj Arpt,Croatia (Hrvatska)LDE,Lourdes/Tarbes,FranceSDF,"Louisville, KY",USALAD,Luanda - 4 de Fevereiro,AngolaLBB,"Lubbock, TX",USALKO,Lucknow,IndiaLUD,Luederitz,NamibiaMLA,Luga,MaltaLUG,Lugano,SwitzerlandLLA,Lulea,SwedenFBM,Lumbumbashi,ZaireLUN,Lusaka,ZambiaLUJ,Lusisiki,South AfricaLUX,Luxembourg,LuxembourgLXR,Luxor,EgyptLWO,"Lvov (Lwow, Lemberg)",UkraineLYH,"Lynchburg, VA",USALYS,Lyon,FranceMST,Maastricht/Aachen,NetherlandsMCP,Macapa,BrazilMFM,Macau,"Macau, China SAR"MCZ,Maceio,BrazilMKY,Mackay,AustraliaMCN,"Macon, GA",USANOP,Mactan Island - Nab,PhilippinesMED,"Madinah, Mohammad Bin Abdulaziz",Saudi ArabiaMSN,"Madison, WI",USAMAA,Madras (Chennai),IndiaMAD,Madrid - Barajas,SpainSEZ,Mahe - Seychelles Int'l,SeychellesMAH,Mahon,SpainMTL,Maitland,AustraliaMJN,Majunga,MadagascarMZG,Makung,TaiwanSSG,Malabo,Equatorial GuineaAGP,Malaga,SpainMLE,Male - International,MaledivesMYD,Malindi,KenyaMMA,Malmo (Malmoe),SwedenMMX,Malmo (Malmoe) - Sturup,SwedenMJC,Man,Ivory CoastMGA,Managua - Augusto C Sandino,NicaraguaMAO,Manaus,BrazilMAN,Manchester,United KingdomMHT,"Manchester, NH",USAMFO,Manguna,Papua New GuineaXMH,Manihi,French PolynesiaMNL,Manila - Ninoy Aquino Int'l,PhilippinesZLO,Manzanillo,MexicoMTS,Manzini - Matsapha Int'l,SwazilandMPM,Maputo - Maputo International,MozambiqueMDQ,Mar del Plata,ArgentinaMAR,Maracaibo - La Chinita,VenezuelaMFQ,Maradi,NigerMTH,"Marathon, FL",USAMEE,Mare,New CaledoniaMGH,Margate,South AfricaPMV,Margerita,VenezuelaMBX,Maribor,SloveniaMHQ,Mariehamn (Maarianhamina),FinlandMVR,Maroua,CameroonMQT,"Marquette, MI",USARAK,Marrakech - Menara,MoroccoMUH,Marsa Matrah (Marsa Matruh),EgyptMRS,Marseille,FranceMHH,Marsh Harbour,BahamasMVY,"Martha's Vineyard, MA",USAMBH,Maryborough,AustraliaMSU,Maseru - Moshoeshoe Int'l,LesothoMCW,"Mason City, IA",USAMVZ,Masvingo,ZimbabweMMJ,"Matsumoto, Nagano",JapanMYJ,Matsuyama,JapanMTO,"Mattoon, IL",USAMUB,Maun,BotswanaMAU,Maupiti,French PolynesiaMRU,Mauritius - S.Seewoosagur Ram Int'l,MauritiusMAZ,Mayaguez,Puerto RicoMZT,Mazatlan,MexicoMFE,"McAllen, TX",USAMES,Medan,IndonesiaMDE,Medellin,ColombiaMFR,"Medford, OR",USAMED,Medina,Saudi ArabiaMKR,Meekatharra,AustraliaMEL,Melbourne - Tullamarine,AustraliaMLB,"Melbourne, FL",USAMEM,"Memphis, TN",USAMDZ,Mendoza,ArgentinaMDC,Manado,IndonesiaMCE,"Merced, CA",USAMID,Merida,MexicoMEI,"Meridian, MS",USAMIM,Merimbula,AustraliaMEZ,Messina,South AfricaMTM,"Metlakatla, AK",USAMZM,Metz,FranceMXL,Mexicali,MexicoMEX,Mexico City,MexicoMEX,Mexico City - Juarez International,MexicoMFU,Mfuwe,ZambiaMIA,"Miami, FL",USAMWD,Mianwali,PakistanMMM,Middlemount,AustraliaMAF,"Midland/Odessa, TX",USAMIK,Mikkeli,FinlandMIL,Milan,ItalyLIN,Milan - Linate,ItalyMXP,Milan - Malpensa,ItalyBGY,Milan - Orio Al Serio,ItalyMQL,Mildura,AustraliaMLS,"Miles City, MT",USAMFN,Milford Sound,New ZealandMKE,"Milwaukee, WI",USAMTT,Minatitlan,MexicoMRV,Mineralnye Vody,RussiaMSP,"Minneapolis - St. Paul Int'l Airport, MN",USAMOT,"Minot, ND",USAMSQ,"Minsk, International",BelarusMYY,Miri,MalaysiaQML,Mirpur,PakistanMSO,"Missula, MT",USAMHE,"Mitchell, SD",USAMMY,Miyako Jima (Ryuku Islands) - Hirara,JapanMBM,Mkambati,South AfricaMFF,Moanda,GabonMOB,"Mobile, AL - Pascagoula, MS",USAMOD,"Modesto, CA",USAMJD,Moenjodaro,PakistanMGQ,Mogadischu,SomaliaOKU,Mokuti,NamibiaMLI,"Moline/Quad Cities, IL",USAMBA,Mombasa - Moi International,KenyaMIR,Monastir,TunisiaYQM,Moncton,CanadaMLU,"Monroe, La",USAMLW,Monrovia,LiberiaROB,Monrovia - Roberts Int'l,LiberiaMBJ,Montenego Bay,JamaicaQGF,Montenegro,BrazilMRY,"Monterey, CA",USAMTY,Monterrey,MexicoNTR,Monterrey - Aeropuerto Del Norte,MexicoMVD,Montevideo - Carrasco,UruguayMGM,"Montgomery, AL",USAMPL,Montpellier - Frejorgues,FranceYMQ,Montreal,CanadaYUL,Montreal - Dorval (Montréal-Trudeau),CanadaYMX,Montreal - Mirabel,CanadaMTJ,"Montrose/Tellruide, CO",USAMOZ,Moorea,French PolynesiaMOV,Moranbah,AustraliaMRZ,Moree,AustraliaMLM,Morelia,MexicoMGW,"Morgantown, WV",USAHNA,"Morioka, Hanamaki",JapanHAH,Moroni - Prince Said Ibrahim,Comoros (Comores)YVA,Moroni - Iconi,Comoros (Comores)MOW,Moscow - Metropolitan Area,RussiaDME,Moscow - Domodedovo,RussiaSVO,Moscow - Sheremetyevo,RussiaVKO,Moscow - Vnukovo,RussiaMWH,"Moses Lake, WA",USAOMO,Mostar,Bosnia and HerzegovinaOSM,Mosul,IraqMJL,Mouila,GabonMQQ,Moundou,ChadGTN,Mount Cook,New ZealandMGB,Mount Gambier,AustraliaMMG,Mount Magnet,AustraliaISA,Mt. Isa,AustraliaMCL,"Mt. McKinley, AK",USAMUC,Muenchen (Munich) - Franz Josef Strauss,GermanyFMO,Muenster/Osnabrueck,GermanyMSR,Muenster/Osnabrueck,GermanyMLH,Mulhouse,FranceMUX,Multan,PakistanMJV,Murcia,SpainMMK,Murmansk,RussiaMCT,Muscat - Seeb,OmanMSL,"Muscle Shoals, AL",USAMKG,"Muskegon, MI",USAMFG,Muzaffarabad,PakistanMVB,Mvengue,GabonJMK,Mykonos,GreeceMYR,"Myrtle Beach, SC",USAKMI,Miyazaki,JapanMJT,Mytilene (Lesbos),GreeceMZF,Mzamba,South AfricaNAN,Nadi,FijiNGS,Nagasaki,JapanNGO,Nagoya - Komaki AFB,JapanNAG,Nagpur,IndiaNBO,Nairobi,KenyaENC,Nancy,FranceYSR,Nanisivik,CanadaNNG,Nanning,"Guangxi, China"NTE,Nantes,FranceACK,"Nantucket, MA",USANAP,Naples,ItalyAPF,"Naples, FL",USANAA,Narrabri,AustraliaNRA,Narrandera,AustraliaUAK,Narsarsuaq,GreenlandBNA,"Nashville, TN",USANAS,Nassau,BahamasNAT,Natal,BrazilSUV,Nausori,Fiji/SuvaWNS,Nawab Shah,PakistanNDJ,N'Djamena,ChadNLA,N'Dola,ZambiaNSN,Nelson,New ZealandNLP,Nelspruit,South AfricaMQP,Nelspruit - Kruger Mpumalanga Int'l Airport,", ZA"NEV,Nevis,NevisEWN,"New Bern, NC",USAHVN,"New Haven, CT",USAMSY,"New Orleans, La",USAUVL,New Valley - Kharga,EgyptJFK,"New York - John F. Kennedy, NY",USALGA,"New York - La Guardia, NY",USAEWR,"New York - Newark, NJ",USANYC,"New York, NY",USASWF,"Newburgh, NY",USABEO,Newcastle - Belmont,AustraliaNTL,Newcastle - Williamtown,AustraliaNCL,Newcastle,United KingdomNCS,Newcastle,South AfricaZNE,Newman,AustraliaPHF,"Newport News/Williamsburg, VA",USANGE,N'Gaoundere,CameroonIAG,Niagara Falls Int'l,USANIM,Niamey,NigerNCE,Nice - Cote D'Azur,FranceNIC,Nicosia,CyprusNLV,Nikolaev,UkraineKIJ,Niigata,JapanFNI,Nimes,FranceINI,Nis,YugoslaviaOME,"Nome, AK",USANSA,Noosa,AustraliaNLK,Norfolk Island,AustraliaORF,"Norfolk/Virginia Beach, VA",USAYVQ,Norman Wells,CanadaNRK,Norrkoeping,SwedenOTH,"North Bend, OR",USAELH,North Eleuthera,BahamasNDB,Nouadhibou,MauritaniaNKC,Nouakchott,MauritaniaNOU,Noumea,New CaledoniaQND,Novi Sad,YugoslaviaOVB,Novosibirsk - Tolmachevo,RussiaNUE,Nürnberg (Nuremberg),GermanyNLD,Nuevo Laredo,MexicoTBU,Nuku'alofa - Fua'Amotu International,TongaOAK,"Oakland, CA",USAOAX,Oaxaca,MexicoODE,Odense,DenmarkODS,Odessa,UkraineORB,Oerebro,SwedenOHD,Ohrid,MacedoniaOIT,Oita,JapanOKJ,Okayama,JapanOKA,"Okinawa, Ryukyo Island - Naha",JapanOKC,"Oklahoma City, OK - Will Rogers World",USAOLB,Olbia,ItalyOLP,Olympic Dam,AustraliaOMA,"Omaha, NE",USAOND,Ondangwa,NamibiaONT,"Ontario, CA",USAORN,Oran (Ouahran),AlgeriaOAG,Orange,AustraliaSNA,"Orange County (Santa Ana), CA",USAOMD,Oranjemund,NamibiaKOI,Orkney,United KingdomORL,"Orlando Metropolitan Area, FL",USAORL,"Orlando Int'l Airport, FL",MCOORS,Orpheus Island,AustraliaOSA,"Osaka, Metropolitan Area",JapanITM,Osaka - Itami,JapanKIX,Osaka - Kansai Int'l Airport,JapanOSH,"Oshkosh, WI",USAOSI,Osijek,Croatia (Hrvatska)OSL,Oslo,NorwayFBU,Oslo - Fornebu,NorwayTRF,Oslo - Sandefjord,NorwayYOW,Ottawa - Hull,CanadaODA,Ouadda,Central African RepublicOZZ,Ouarzazate,MoroccoOUH,Oudtshoorn,South AfricaOUA,Ouagadougou,Burkina FasoOUD,Oujda,MoroccoOUL,Oulu,FinlandOVD,Oviedo,SpainOWB,"Owensboro, KY",USAOXR,"Oxnard, CA",USAUVE,Oyem,Gabon/LoyauttePAD,Paderborn/Lippstadt,GermanyPAH,"Paducah, KY",USAPGA,"Page/Lake Powell, AZ",USAPPG,Pago Pago,American SamoaPKB,"Pakersburg, WV/Marietta, OH",USAPMO,Palermo - Punta Raisi,ItalyPSP,"Palm Springs, CA",USAPMI,Palma de Mallorca,SpainPMD,"Palmdale/Lancaster, CA",USAPMR,Palmerston North,New ZealandPTY,Panama City - Tocumen International,PanamaPFN,"Panama City, FL",USAPJG,Panjgur,PakistanPNL,Pantelleria,ItalyPPT,Papeete - Faaa,French Polynesia (Tahiti)PFO,Paphos,CyprusPBO,Paraburdoo,AustraliaPBM,Paramaribo - Zanderij Int'l,SurinamePAR,Paris,FranceCDG,Paris - Charles de Gaulle,FranceLBG,Paris - Le Bourget,FranceORY,Paris - Orly,FrancePBH,Paro,BhutanPSC,"Pasco, WA",USAPSI,Pasni,PakistanPAT,Patna,IndiaPYX,Pattaya,ThailandPUF,Pau,FrancePLN,"Pellston, MI",USAPEN,Penang International,MalaysiaPDT,"Pendelton, OR",USAPNS,"Pensacola, FL",USAPIA,"Peoria/Bloomington, IL",USAPEI,Pereira,ColombiaPGF,Perpignan,FrancePER,Perth Int'l,AustraliaPEG,Perugia,ItalyPSR,Pescara,ItalyPEW,Peshawar,PakistanPSG,"Petersburg, AK",USAPHW,Phalaborwa,South AfricaPHL,"Philadelphia, PA - Int'l",USAPNH,Phnom Penh - Pochentong,CambodiaPHX,"Phoenix, AZ - Sky Harbor Int'l",USAHKT,Phuket,ThailandPIR,"Pierre, SD",USAPZB,Pietermaritzburg,South AfricaPTG,Pietersburg,South AfricaNTY,Pilanesberg/Sun City,South AfricaPSA,Pisa - Gal Galilei,ItalyPIT,"Pittsburgh Int'l Airport, PA",USAPLB,"Plattsburgh, NY",USAPBZ,Plettenberg Bay,South AfricaPIH,"Pocatello, ID",USATGD,Podgorica,YugoslaviaPNI,Pohnpei,MicronesiaPTP,Pointe a Pitre,GuadeloupePNR,Pointe Noire,CongoPSE,Ponce,Puerto RicoPDL,Ponta Delgada,PortugalPOR,Pori,FinlandCLM,"Port Angeles, WA",USAPAP,Port au Prince,HaitiPUG,Port Augusta,AustraliaPLZ,Port Elizabeth,South AfricaPOG,Port Gentil,GabonPHC,Port Harcourt,NigeriaPHE,Port Hedland,AustraliaPTJ,Portland,AustraliaPWM,"Portland, ME",USAPDX,"Portland Int'l, OR",USAPLO,Port Lincoln,AustraliaPQQ,Port Macquarie,AustraliaYPN,"Port Menier, PQ",CanadaPOM,Port Moresby - Jackson Field,Papua New GuineaOPO,Porto,PortugalPOA,Porto Alegre,BrazilPOS,Port of Spain,TrinidadPSD,Port Said,EgyptPXO,Porto Santo,PortugalPVH,Porto Velho,BrazilVLI,Port Vila,VanuatuPOU,"Poughkeepsie, NY",USAPOZ,"Poznan, Lawica",PolandPRG,Prague - Ruzyne,Czech RepublicRAI,Praia,Cape VerdePQI,"Presque Island, ME",USAPRY,Pretoria - Wonderboom Apt.,South AfricaPVK,Preveza/Lefkas,GreeceYXS,Prince George,CanadaYPR,Prince Rupert/Digby Island,CanadaPRN,Pristina,YugoslaviaPPP,Prosperpine,AustraliaPVD,"Providence, RI",USASCC,"Prudhoe Bay, AK",USAPBC,Puebla,MexicoPUB,"Pueblo, CO",USAPXM,Puerto Escondido,MexicoPZO,Puerto Ordaz,VenezuelaPOP,Puerto Plata,Dominican RepublicPVR,Puerto Vallarta,MexicoXPK,Pukatawagan,CanadaPUY,Pula,Croatia (Hrvatska)PUW,"Pullman, WA",USAPNQ,Pune,IndiaPUQ,Punta Arenas,ChilePUJ,Punta Cana,Dominican RepublicPUS,Pu San (Pusan) - Kimhae,South KoreaFNJ,Pyongyang - Sunan,North KoreaYQB,Quebec - Quebec Int'l,CanadaUEE,Queenstown,AustraliaZQN,Queenstown,New ZealandUET,Quetta,PakistanTAO,Qingdao,"Shandong, China"UIP,Quimper,FranceUIN,"Quincy, IL",USAUIO,Quito - Mariscal Sucr,EcuadorRBA,Rabat - Sale,MoroccoRYK,Rahim Yar Khan,PakistanRFP,Raiatea,French PolynesiaYOP,"Rainbow Lake, AB",CanadaRAJ,Rajkot,IndiaRDU,"Raleigh/Durham, NC",USAIXR,Ranchi,IndiaRGI,Rangiroa,French PolynesiaRGN,Rangoon (Yangon) - Mingaladon,Myanmar (Burma)RAP,"Rapid City, SD",USARAR,Rarotonga Cook,IslandRKT,Ras al Khaymah (Ras al Khaimah),UAERAZ,Rawala Kot,PakistanRWP,Rawalpindi,PakistanRDG,"Reading, PA",USAREC,Recife,BrazilRDD,"Redding, CA",USARDM,"Redmond, OR",USAREG,Reggio Calabria,ItalyYQR,Regina,CanadaTFS,Reina Sofia,Teneriffa/SpainRNS,Rennes,FranceRNO,"Reno, NV",USAYRB,Resolute Bay,CanadaREU,Reus,SpainREK,Reykjavik - Metropolitan Area,IcelandKEF,Reykjavik - Keflavik International,IcelandRHI,"Rhinelander, WI",USARHO,Rhodos,GreeceRCB,Richards Bay,South AfricaRIC,"Richmond, VA",USARIX,Riga,LatviaRJK,Rijeka,Croatia (Hrvatska)RMI,Rimini,ItalyRBR,Rio Branco,BrazilGIG,Rio de Janeiro - Galeao,BrazilSDU,Rio de Janeiro - Santos Dumont,BrazilRIO,Rio de Janeiro,BrazilRUH,Riyadh - King Khaled Int'l,Saudi ArabiaRNE,Roanne,FranceROA,"Roanoke, VA",USARTB,Roatan,HondurasRST,"Rochester, MN",USAROC,"Rochester, NY",USARSD,Rock Sound,BahamasRKS,"Rock Springs, WY",USARFD,"Rockford, IL",USAROK,Rockhampton,AustraliaRKD,"Rockland, ME",USARWI,"Rocky Mount - Wilson, NC",USARDZ,Rodez,FranceRRG,Rodrigues Island,MauritiusRNN,Roenne,DenmarkROM,Rome,ItalyCIA,Rome - Ciampino,ItalyFCO,Rome - Fuimicino,ItalyRNB,Ronneby,SwedenROS,Rosario,ArgentinaROT,Rotorua,New ZealandRTM,Rotterdam,NetherlandsRVN,Rovaniemi,FinlandNDU,Rundu,NamibiaROU,Ruse,BulgariaSCN,Saarbruecken,GermanySMF,"Sacramento, CA",USASDS,Sado Shima,JapanMBS,"Saginaw/Bay City/Midland, MI",USASDT,Saidu Sharif,PakistanSGN,Saigon (Ho Chi Minh City),Viet NamSBK,Saint Brieuc,FranceRUN,Saint Denis de la Reunion,ReunionYSJ,Saint John,CanadaSPN,Saipan,Northern Mariana IslandsSID,Sal,Cape VerdeSLL,Salalah,OmanSLE,"Salem, OR",USASNS,"Salinas, CA",USASNC,Salinas,EcuadorSAY,Salisbury,ZimbabweSBY,"Salisbury, MD",USASKG,Saloniki,GreeceSLA,"Salta, Gen Belgrano",ArgentinaSLC,"Salt Lake City, UT",USASSA,Salvador,BrazilSZG,Salzburg - W.A. Mozart,AustriaSKD,Samarkand,UzbekistanSMI,Samos,GreeceADZ,San Andres,ColombiaSJT,"San Angelo, TX",USASAT,"San Antonio, TX",USABRC,San Carlos de Bariloche,ArgentinaSAN,"San Diego - Lindberg Field Int'l, CA",USASFO,"San Francisco - Int'l Airport, SA",USASJD,San Jose Cabo,MexicoSJO,San Jose,Costa RicaSJC,"San Jose, CA",USASJU,San Juan Perto,RicoSBP,"San Luis Obisco, CA",USASLP,San Luis Potosi,MexicoSPY,San Pedro,Ivory CoastSAP,San Pedro Sula,HondurasZSA,San Salvador,BahamasSAL,San Salvador,El SalvadorEAS,San Sebastian,SpainSAH,Sanaa (Sana'a) - Sana'a International,YemenYZP,Sandspit,CanadaSBA,"Santa Barbara, CA",USASPC,Santa Cruz de la Palma,SpainSRZ,Santa Cruz de la Sierra,BoliviaSKV,Santa Katarina - Mount Sinai,EgyptSMA,Santa Maria,PortugalSMX,"Santa Maria, CA",USASDR,Santander,SpainSTS,"Santa Rosa, CA",USASRB,Santa Rosa,BoliviaSRA,Santa Rosa,BrazilRSA,Santa Rosa,ArgentinaSDH,Santa Rosa Copan,HondurasSSL,Santa Rosalia,ColombiaSRL,Santa Rosalia,MexicoSCU,Santiago - Antonio Maceo Airport,CubaSCL,Santiago de Chile - Arturo Merino Benitez,ChileSCQ,Santiago de Compostela,SpainSON,Santo,VanuatuSDQ,Santo Domingo,Dominican RepublicSLZ,Sao Luis,BrazilSAO,Sao Paulo,BrazilCGH,Sao Paulo - Congonhas,BrazilGRU,Sao Paulo - Guarulhos,BrazilVCP,Sao Paulo - Viracopos,BrazilTMS,Sao Tome,Sao Tome & PrincipeSPK,Sapporo,"Hokkaido, Japan"OKD,Sapporo - Okadama,"Hokkaido, Japan"CTS,Sapporo - Shin-Chitose Airport,JapanSJJ,Sarajevo,Bosnia and HerzegovinaSRQ,"Sarasota/Bradenton, FL",USAYXE,Saskatoon,CanadaZSS,Sassandra,Ivory CoastSAV,"Savannah, GA",USASVL,Savonlinna,FinlandNSO,Scone,AustraliaSCF,"Scottsdale, AZ",USASEA,"Seattle/Tacoma, WA",USASEB,Sehba,LibyaSJY,Seinaejoki,FinlandPKW,Selibi Phikwe,BotswanaSDJ,Sendai,JapanICN,Seoul - Incheon Int'l Airport,South KoreaSEL,Seoul - Kimpo,South KoreaSVQ,Sevilla,SpainSFA,Sfax,TunisiaZTM,"Shamattawa, MB",CanadaSHA,Shanghai - Hongqiao,ChinaPVG,Shanghai - Pu Dong,ChinaSNN,Shannon (Limerick),IrelandSHJ,Sharjah,UAESSH,Sharm El Sheikh,EgyptSZD,"Sheffield, City Airport",UKDCS,"Sheffield, Doncaster, Robin Hood Int'l Airport",UKSHD,"Shenandoah Valley/Stauton, VA",USASHE,Shenyang,"Liaoning, China"SZX,Shenzhen,"Guangdong, China"SHR,"Sheridan, WY",USASHV,"Shreveport, La",USAJHQ,Shute Harbour,AustraliaSBW,Sibu,MalaysiaSDY,"Sidney, MT",USASLS,Silistra,BulgariaSIP,Simferopol,UkraineMPD,Sindhri,PakistanQPG,Singapore - Paya Lebar,SingaporeSIN,Singapore - Changi,SingaporeSIX,Singleton,AustraliaSUX,"Sioux City, IA",USAFSD,"Sioux Falls, SD",USASIS,Sishen,South AfricaSIT,"Sitka, AK",USASEW,Siwa,EgyptSGY,"Skagway, AK",USAKDU,Skardu,PakistanJSI,Skiathos,GreeceSKP,Skopje,MacedoniaSKS,Skrydstrup,DenmarkSZK,Skukuza,South AfricaSXL,Sligo,IrelandYYD,Smithers,CanadaSOT,Sodankylae,FinlandSGD,Soenderborg,DenmarkSFJ,Soendre Stroemfjord,GreenlandSOF,Sofia - Vrazhdebna,BulgariaSOG,Sogndal,NorwaySOU,Southampton - Eastleigh,United KingdomSBN,"South Bend, IN",USAXSI,"South Indian Lake, MB",CanadaSOI,South Molle Island,AustraliaSEN,Southend,United KingdomSPU,Split,Croatia (Hrvatska)GEG,"Spokane, WA",USASBU,Springbok,South AfricaSPI,"Springfield, IL",USASGF,"Springfield, MO",USASXR,Srinagar,IndiaYIF,"St. Augustin, PQ",CanadaSTX,St. Croix,Virgin IslandsEBU,St. Etienne,FranceSGU,"St. George, UT",USAYYT,St. John's,CanadaSKB,St. Kitts,St. Kitts And NevisSTL,"St. Louis - Lambert, MO",USAUVF,St. Lucia Hewanorra,St. LuciaSLU,St. Lucia Vigle,St. LuciaSXM,St. Marteen,Netherlands AntillesSFG,St. Martin,St. MartinLED,St. Petersburg (Leningrad) - Pulkovo,RussiaFSP,"St. Pierre, NF",CanadaSTT,St. Thomas,Virgin IslandsSVD,St. Vincent,St. VincentSTN,Stansted (London),United KingdomSCE,"State College/Belefonte, PA",USASVG,Stavanger,NorwayHDN,"Steamboat Springs, CO",USASZZ,Stettin,PolandSTO,Stockholm Metropolitan Area,SwedenARN,Stockholm - Arlanda,SwedenBMA,Stockholm - Bromma,SwedenSCK,"Stockton, CA",USASYY,Stornway,United KingdomSXB,Strassburg,FranceKBY,Streaky Bay,AustraliaSTR,Stuttgart - Echterdingen,GermanySUL,Sui,PakistanSKZ,Sukkur,PakistanLSI,Sumburgh (Shetland),United KingdomSUN,"Sun Valley, ID",USASDL,Sundsvall,SwedenMCY,Sunshine Coast,AustraliaSUB,Surabaya - Juanda,IndonesiaSTV,Surat,IndiaSUV,Suva/Nausori,FijiSWP,Swakopmund,NamibiaSYD,Sydney - Kingsford Smith,AustraliaZYL,Sylhet,BangladeshSYR,"Syracuse, NY",USATUU,Tabuk,Saudi ArabiaTIF,Taif,Saudi ArabiaTPE,Taipei - Chiang Kai Shek,TaiwanTAY,Taipei - Sung Shan,TaiwanTYN,Taiyuan,"Shanxi, China"TAK,Takamatsu,JapanTKA,"Talkeetna, AK",USATLH,"Tallahassee, FL",USAQUF,Tallinn - Pirita Harbour,EstoniaTLL,Tallinn - Ulemiste,EstoniaTPA,"Tampa Int'l, FL",USATMP,Tampere,FinlandTAM,Tampico - Gen. F. Javier Mina,MexicoTMW,Tamworth,AustraliaTNG,Tanger - Boukhalef,MoroccoTRO,Taree,AustraliaTGV,Targovishte,BulgariaTAS,Tashkent - Vostochny,UzbekistanTWU,Tawau,MalaysiaTBS,Tbilisi - Novo Alexeyevka,GeorgiaTEU,Te Anau,New ZealandMME,"Teesside, Durham Tees Valley",United KingdomTGU,Tegucigalpa,HondurasTHR,Tehran (Teheran) - Mehrabad,IranTLV,Tel Aviv - Ben Gurion Int'l,IsraelTEX,"Telluride, CO",USATEM,Temora,AustraliaTCI,Tenerife,SpainTFS,Tenerife - Sur Reina Sofia,SpainTFN,Tenerife - Norte Los Rodeos,SpainTCA,Tennant Creek,AustraliaTER,Terceira,PortugalTHE,Teresina,BrazilTMZ,Termez (Termes),UzbekistanYXT,Terrace,CanadaHUF,"Terre Haute, IN",USATXK,"Texarkana, AR",USATCU,Thaba'Nchu,South AfricaYQD,The Pas,CanadaSKG,Thessaloniki - Makedonia Apt.,GreeceTVF,"Thief River Falls, MN",USAJTR,Thira,GreeceTRV,Thiruvananthapuram,IndiaTED,Thisted,DenmarkYTH,Thompson,CanadaKTB,"Thorne Bay, AK",USAYQT,Thunder Bay,CanadaTIS,Thursday Island,AustraliaTSN,Tianjin,ChinaTIJ,Tijuana - Rodriguez,MexicoTOD,Tioman,IndonesiaTIA,Tirana - Rinas,AlbaniaTRZ,Tiruchirapally,IndiaTIV,Tivat,YugoslaviaTAB,Tobago,TobagoTKS,Tokushima,JapanTYO,Tokyo,JapanHND,Tokyo - Haneda,JapanNRT,Tokyo - Narita,JapanTOL,"Toledo, OH",USATPR,Tom Price,AustraliaTWB,Toowoomba,AustraliaYTZ,Toronto Island,CanadaYYZ,Toronto - Lester B. Pearson,CanadaYTO,Toronto,CanadaEIS,Tortola,Virgin IslandsTOU,Touho,New CaledoniaTLS,Toulouse - Blagnac,FranceTSV,Townsville,AustraliaTOY,Toyama,JapanTPS,Trapani,ItalyTVC,"Traverse City, MI",USATCB,Treasure Cay,BahamasTTN,"Trenton/Princeton, NJ",USATSF,Treviso,ItalyTRI,"Tri-Cities Regional, TN/VA",USATRS,Trieste,ItalyTIP,Tripoli - Tripoli Int'l,LibyaTOS,Tromsoe,NorwayTRD,Trondheim,NorwayTSB,Tsumeb,NamibiaTUS,"Tucson, AZ",USATUP,"Tulepo, MS",USATUL,"Tulsa, OK",USATUN,Tunis - Carthage,TunisiaTUK,Turbat,PakistanTRN,Turin,ItalyTKU,Turku,FinlandTCL,"Tuscaloosa, AL",USATGZ,Tuxtla Gutierrez,MexicoTWF,"Twin Falls, ID",USATYR,"Tyler, TX",USAUDI,"Uberlandia, MG",BrazilUPG,Ujung Pandang,IndonesiaULN,Ulaanbaatar - Buyant Uhaa,MongoliaUUD,Ulan-Ude,RussiaULD,Ulundi,South AfricaUTT,Umtata,South AfricaUTN,Upington,South AfricaURC,Urumqi,"Xinjiang, China"UTP,Utapao (Pattaya),ThailandUCA,"Utica, NY",USAVAA,Vaasa,FinlandVXO,Vaexjoe,SwedenEGE,"Vail, CO",USAYVO,Val d'Or,CanadaVDZ,"Valdez, AK",USAVLD,"Valdosta, GA",USAVLC,Valencia,SpainVLN,Valencia,VenezuelaVLL,Valladolid,SpainVAP,Valparaiso,ChileVDE,Valverde,SpainYVR,Vancouver - Vancouver Int'l,CanadaVRA,Varadero,CubaVNS,Varanasi,IndiaVRK,Varkaus,FinlandVAR,Varna,BulgariaVST,Vasteras,SwedenVLU,Velikiye Luki (Welikije Luki),RussiaVCE,Venice - Marco Polo,ItalyVER,Veracruz,MexicoVEL,"Vernal, UT",USAVRB,"Vero Beach/Ft. Pierce, FL",USAVBS,Verona (Brescia) Montichiari,ItalyVRN,Verona,ItalyYYJ,Victoria,CanadaVFA,Victoria Falls,ZimbabweVID,Vidin,BulgariaVTE,Vientiane - Wattay,LaosVGO,Vigo,SpainVSA,Villahermosa,MexicoVIJ,Virgin Gorda,Virgin IslandsVIS,"Visalia, CA",USAVBY,Visby,SwedenVIT,Vitoria,SpainVIX,Vitoria,BrazilVYD,Vryheid,South AfricaYWK,Wabush,CanadaACT,"Waco, TX",USAWGA,Wagga,AustraliaALW,"Walla Walla, WA",USAWLS,Wallis,Wallis and Futuna IslandsWVB,Walvis Bay,South AfricaWMB,Warrnambool,AustraliaWAW,Warsaw,PolandBWI,Washington DC - Baltimore Washington Int'l,USAIAD,Washington DC - Dulles Int'l,USADCA,Washington DC - Ronald Reagan National,USAWAS,"Washington, DC",USAALO,"Waterloo, IA",USAATY,"Watertown, SD",USACWA,"Wausau/Stevens Point, WI",USAWEI,Weipa,AustraliaWEL,Welkom,South AfricaWLG,Wellington,New ZealandEAT,"Wenatchee, WA",USAPBI,"West Palm Beach, FL",USAWYS,"West Yellowstone, MT",USAGWT,Westerland,GermanyWHK,Whakatane,New ZealandYXN,"Whale Cove, NT",CanadaWRE,Whangarei,New ZealandHPN,"White Plains, NY",USAYXY,Whitehorse,CanadaHAP,Whitsunday Resort,AustraliaWYA,Whyalla,AustraliaSPS,"Wichita Falls, TX",USAICT,"Wichita, KS",USAWIC,Wick,United KingdomWHM,Wickham,AustraliaVIE,Wien (Vienna) - Vienna Int'l,AustriaWIE,"Wiesbaden, Air Base",GermanyAVP,"Wilkes Barre/Scranton, PA",USAIPT,"Williamsport, PA",USAISL,"Williston, ND",USAILM,"Wilmington, NC",USAVNO,Wilna (Vilnius),LithuaniaWUN,Wiluna,AustraliaERS,Windhoek - Eros,NamibiaWDH,Windhoek - Hosea Kutako Int'l,NamibiaYQG,Windsor Ontario,CanadaYWG,Winnipeg Int'l,CanadaOLF,"Wolf Point, MT",USAWOL,Wollongong,AustraliaUMR,Woomera,AustraliaORH,"Worcester, MA",USAWRL,"Worland, WY",USAWRG,"Wrangell, AK",USAWUH,Wuhan,"Hubei, China"WYN,Wyndham,AustraliaXMN,Xiamen,"Fujian, China"XIY,Xi'an - Xianyang,"Shaanxi, China"YKM,"Yakima, WA",USAYAK,"Yakutat, AK",USAYKS,Yakutsk,Russian FederationGAJ,"Yamagata, Junmachi",JapanASK,Yamoussoukro,Côte d'Ivoire (Ivory Coast)YNB,Yanbu,Saudi ArabiaRGN,Yangon (Rangoon) - Mingaladon,Myanmar (Burma)YAO,Yaounde,CameroonYZF,Yellowknife,CanadaYOK,Yokohama,JapanYUM,"Yuma, AZ",USAZCL,Zacatecas,MexicoZAD,Zadar,Croatia (Hrvatska)ZAG,Zagreb - Pleso,Croatia (Hrvatska)ZTH,Zakynthos,GreeceZAZ,Zaragoza,SpainPZH,Zhob,PakistanZND,Zinder,NigerOUZ,Zouerate,MauritaniaZRH,Zurich (Zürich) - Kloten,Switzerland